"0","install.packages(c(""lubridate""))"
"2","WARNING: Rtools is required to build R packages but is not currently installed. Please download and install the appropriate version of Rtools before proceeding:

https://cran.rstudio.com/bin/windows/Rtools/
"
"2","Installing package into ¡¥C:/Users/boyo/Documents/R/win-library/3.6¡¦
(as ¡¥lib¡¦ is unspecified)
"
"2","å˜—è©¦ URL 'https://cran.rstudio.com/bin/windows/contrib/3.6/lubridate_1.7.8.zip'
"
"2","Content type 'application/zip'"
"2"," length 1591212 bytes (1.5 MB)
"
"2","downloaded 1.5 MB

"
"1","package â€˜lubridateâ€™ successfully unpacked and MD5 sums checked
"
"1","Warning in "
"1",""
"1","install.packages"
"1",""
"1"," :
  "
"1",""
"1","cannot remove prior installation of package â€˜lubridateâ€™"
"1",""
"1","
"
"1","Warning in "
"1",""
"1","install.packages"
"1",""
"1"," :
  "
"1",""
"1","è¤‡è£½ C:\Users\boyo\Documents\R\win-library\3.6\00LOCK\lubridate\libs\x64\lubridate.dll åˆ° C:\Users\boyo\Documents\R\win-library\3.6\lubridate\libs\x64\lubridate.dll æ™‚å‡ºäº†å•é¡Œï¼šPermission denied"
"1",""
"1","
"
"1","Warning in "
"1",""
"1","install.packages"
"1",""
"1"," :
  "
"1",""
"1","restored â€˜lubridateâ€™"
"1",""
"1","
"
"1","
"
"1",""
"1","The downloaded binary packages are in
	C:\Users\boyo\AppData\Local\Temp\RtmpA1Y9mK\downloaded_packages"
"1",""
"1","
"
