"0","install.packages(""lubridate"")"
"2","WARNING: Rtools is required to build R packages but is not currently installed. Please download and install the appropriate version of Rtools before proceeding:

https://cran.rstudio.com/bin/windows/Rtools/
"
"2","Installing package into ¡¥C:/Users/boyo/Documents/R/win-library/3.6¡¦
(as ¡¥lib¡¦ is unspecified)
"
"2","å˜—è©¦ URL 'https://cran.rstudio.com/bin/windows/contrib/3.6/lubridate_1.7.9.zip'
"
"2","Content type 'application/zip'"
"2"," length 1605391 bytes (1.5 MB)
"
"2","downloaded 1.5 MB

"
"1","package â€˜lubridateâ€™ successfully unpacked and MD5 sums checked
"
"1","Warning in "
"1",""
"1","install.packages"
"1",""
"1"," :
  "
"1",""
"1","unable to move temporary installation â€˜C:\Users\boyo\Documents\R\win-library\3.6\file1eec23882af9\lubridateâ€™ to â€˜C:\Users\boyo\Documents\R\win-library\3.6\lubridateâ€™"
"1",""
"1","
"
"1","Warning in "
"1",""
"1","install.packages"
"1",""
"1"," :
  "
"1",""
"1","restored â€˜lubridateâ€™"
"1",""
"1","
"
"1","
"
"1",""
"1","The downloaded binary packages are in
	C:\Users\boyo\AppData\Local\Temp\RtmpGIm6HV\downloaded_packages"
"1",""
"1","
"
